{
  "model_name": "linear",
  "MedInc": 1.6812,
  "HouseAge": 25.0,
  "AveRooms": 4.192200557103064,
  "AveBedrms": 1.0222841225626742,
  "Population": 1392.0,
  "AveOccup": 3.877437325905293,
  "Latitude": 36.06,
  "Longitude": -119.01
}
